Marque,Etiquette,Adresse MAC
Panasonic,Michel-2,e0:9d:31:08:7a:fc
Panasonic,Eden-7,84:3a:4b:01:e8:a4
Panasonic,Diary-11,a4:4e:31:e3:e1:6c
Panasonic,Safidison-19,e0:9d:31:08:8d:24
LENOVO,Herilala-20,e8:2a:ea:18:c4:87
ACER,Mandrindra-24,2c:e1:21:50:27:6d
LENOVO,Adrien-27,e4:70:b8:b7:13
Panasonic,Tsiory-28,e0:9d:31:08:7e:cc
Panasonic,Faneva-30,e0:9d:31:08:8a:ac
Panasonic,Raphael-31,84:3a:4b:02:02d:c8
Panasonic,Natolotra-33,e0:9d:31:08:91:3c
Panasonic,Andry-34,e0:9d:31:08:85:5c
Panasonic,Njiva-36,e0:9d:31:08:7d:f0
Panasonic,Fandresena-37,e0 :9d:31:08:7d:d8
Panasonic,Sanda-39,e0:9d:31:08:90:20
Panasonic,Edmonico-40,e0:9d:31:08:88:20
Panasonic,Iantso-42,e0:9d:31:08:82:88
Panasonic,David-46,e0:9d:31:08:81:64
Panasonic,Rosa-3,a4:4e:31:e3:99:f0
Panasonic,Tsanta-32,e0:9d:31:08:91:5c
Panasonic,Guianna-10,cc:7e:e7:5f:41:64
Panasonic,Manou-13,e0:9d:31:08:79:38
Panasonic,Tahina-23,e0:9d:31:08:81:c8
Panasonic,Peniala-26,e0:9d:31:08:7d:00
Panasonic,Fifaliantsoa-16,8c:c1:21:50:2b:b3
Panasonic,Mirella-8,8c:c1:21:50:27:58
